key,en,cz,es
str_001,Youth Leader RoadMap — HUMAN Project,Youth Leader RoadMap — HUMAN Project,Hoja de Ruta para Líderes Juveniles — Proyecto HUMANO
str_002,HUMAN:,HUMAN:,HUMANO:
str_003,Introduction,Introdukce,Introducción
str_004,ME,,YO
str_005,ME & Others,,ME y otros
str_006,Community,,Comunidad
str_007,Annexes,,Anexos
str_008,View HUMAN Modules ↗,,Ver módulos ↗ HUMANOS
str_009,Fullscreen,,Pantalla completa
str_010,HUMAN Project · CERV-2023-EQUAL · Youth Leader RoadMap,HUMAN Project · CERV-2023-EQUAL · Youth Leader RoadMap,Proyecto HUMANO · CERV-2023-IGUAL · Hoja de Ruta para Líderes Juveniles
str_011,Youth Leader,,Líder Juvenil
str_012,RoadMap,,Hoja de ruta
str_013,Unlock your potential to drive social impact in your community. This kit guides you from self-awareness to becoming a genuine changemaker — equipped to combat hate speech and build inclusive communities through digital activism.,,Desbloquea tu potencial para generar impacto social en tu comunidad. Este kit te guía desde la autoconciencia hasta convertirte en un auténtico agente de cambio — preparado para combatir el discurso de odio y construir comunidades inclusivas a través del activismo digital.
str_014,Start the Journey ↓,,Comienza el viaje ↓
str_015,humanactivists.eu ↗,humanactivists.eu ↗,humanactivists.eu ↗
str_016,Kit contents,,Contenido del kit
str_017,ME & Community,,ME y Comunidad
str_018,What's in this kit?,,¿Qué hay en este kit?
str_019,Every journey needs,,Todo viaje necesita
str_020,a first step,,Un primer paso
str_021,"This kit is structured as a progressive journey — from understanding yourself as a young leader, to working with others, to creating lasting impact in your community.",,"Este kit está estructurado como un viaje progresivo — desde entenderte como un joven líder, hasta trabajar con otros y crear un impacto duradero en tu comunidad."
str_022,What is a changemaker? What does change mean? What is a Social Impact Project?,,¿Qué es un agente de cambio? ¿Qué significa cambiar? ¿Qué es un Proyecto de Impacto Social?
str_023,"Discover yourself as a young leader — leadership, emotional intelligence, self-confidence.",,"Descúbrete a ti mismo como un joven líder: liderazgo, inteligencia emocional, confianza en uno mismo."
str_024,"Intercultural communication, co-creation, empathy, delegation and team building.",,"Comunicación intercultural, cocreación, empatía, delegación y trabajo en equipo."
str_025,"Sense of belonging, needs analysis, SIP lifecycle and the importance of scale.",,"Sentido de pertenencia, análisis de necesidades, ciclo de vida del SIP y la importancia de la escala."
str_026,"Activities, rights & duties, participation agreement and additional resources.",,"Actividades, derechos y deberes, acuerdo de participación y recursos adicionales."
str_027,Core Concepts,,Conceptos Fundamentales
str_028,What you need to know,,Lo que necesitas saber
str_029,before you begin,,Antes de empezar
str_030,"Who is a ""changemaker""?",,"¿Quién es un ""agente de cambio""?"
str_031,"A changemaker is anyone who takes initiative to deal with a problem, causing a positive change. You don't need to be famous or have significant resources — young people are true agents of change, everywhere: in schools, neighbourhoods, youth groups and associations.",,"Un agente de cambio es cualquier persona que toma la iniciativa para abordar un problema, provocando un cambio positivo. No hace falta ser famoso ni tener recursos significativos: los jóvenes son verdaderos agentes de cambio, en todas partes: en colegios, barrios, grupos juveniles y asociaciones."
str_032,"What does ""change"" mean?",,"¿Qué significa ""cambiar""?"
str_033,"Change is a process through which something becomes different, and develops. From the identification of a social problem that affects a community, through planning and implementation of a SIP, young people can make a difference — creating a positive transformation in their own community!",,"El cambio es un proceso a través del cual algo se vuelve diferente y se desarrolla. Desde la identificación de un problema social que afecta a una comunidad, pasando por la planificación e implementación de un SIP, los jóvenes pueden marcar la diferencia — ¡creando una transformación positiva en su propia comunidad!"
str_034,What is a Social Impact Project (SIP)?,,¿Qué es un Proyecto de Impacto Social (SIP)?
str_035,"A Social Impact Project (SIP) is an educational process with structured learning outcomes, co-produced with youth workers and young people. It is designed to solve a concrete community problem, creating lasting positive value. It has clear objectives, involves the community in its design, and is both sustainable and measurable. Your SIP can be born from a simple observation — a moment when you noticed injustice, exclusion, or hate, and decided to do something about it.",,"Un Proyecto de Impacto Social (SIP) es un proceso educativo con resultados estructurados de aprendizaje, coproducido con trabajadores juveniles y jóvenes. Está diseñado para resolver un problema concreto de la comunidad, creando un valor positivo duradero. Tiene objetivos claros, involucra a la comunidad en su diseño y es tanto sostenible como medible. Tu SIP puede nacer de una simple observación: un momento en el que notaste injusticia, exclusión u odio, y decidiste hacer algo al respecto."
str_036,Active participation of young people,,Participación activa de los jóvenes
str_037,"Active youth participation means not being merely a spectator of society, but an agent of change. It involves making decisions, taking on responsibilities, collaborating with others, and continuously learning. It is both a right and a duty of every young citizen.",,"La participación activa de los jóvenes significa no ser simplemente un espectador de la sociedad, sino un agente de cambio. Implica tomar decisiones, asumir responsabilidades, colaborar con otros y aprender continuamente. Es tanto un derecho como un deber de todo joven ciudadano."
str_038,Young Changemakers in Action,,Jóvenes agentes de cambio en acción
str_039,They started just,,Empezaron simplemente
str_040,like you,,Como tú
str_041,Every changemaker begins with a wish for something to be different. Here are four young leaders sharing what drives them.,,Todo agente de cambio comienza con el deseo de que algo sea diferente. Aquí tienes cuatro jóvenes líderes que comparten lo que les motiva.
str_042,Alberto,,Alberto
str_043,University Engagement,,Compromiso universitario
str_044,I want students to take university associations more seriously. It's hard because students tend to prioritise exams over everything else — but collective action needs all of us.,,Quiero que los estudiantes se tomen más en serio las asociaciones universitarias. Es difícil porque los estudiantes tienden a priorizar los exámenes por encima de todo — pero la acción colectiva nos necesita a todos.
str_045,🏛️,,🏛️
str_046,Saurelle,,Saurelle
str_047,Education Advocate,,Defensor de la educación
str_048,I wish young people had more power to influence the education sector. Our voices matter — and we deserve a real seat at the table when decisions are made about our futures.,,Ojalá los jóvenes tuvieran más poder para influir en el sector educativo. Nuestras voces importan — y merecemos un verdadero lugar en la mesa cuando se tomen decisiones sobre nuestro futuro.
str_049,Tereza,,Tereza
str_050,Volunteering Champion,,Campeón de voluntariado
str_051,"I want more young people involved in volunteering — with homeless people, migrants, the elderly. We need to start promoting this in schools, so more of us discover what we can give.",,"Quiero que más jóvenes participen en el voluntariado — con personas sin hogar, migrantes, personas mayores. Tenemos que empezar a promover esto en las escuelas, para que más de nosotros descubramos lo que podemos dar."
str_052,Adrián,,Adrián
str_053,Youth Policy Voice,,Voz de Política Juvenil
str_054,I want to influence the decision-makers who shape regional and local youth activities. Young people need to be involved in planning — not just invited to participate in what adults have already decided.,,"Quiero influir en los responsables de la toma de decisiones que moldean las actividades juveniles regionales y locales. Los jóvenes deben participar en la planificación, no solo ser invitados a participar en lo que los adultos ya han decidido."
str_055,Step 02 — Discover Yourself,,Paso 02 — Descúbrete a ti mismo
str_056,ME as a,,ME como
str_057,young leader,,Joven líder
str_058,Youth leadership starts with you.,,El liderazgo juvenil empieza contigo.
str_059,to learn more.,,para saber más.
str_060,Hover each competency,,Pasa el cursor por cada competencia
str_061,Core competencies,,Competencias básicas
str_062,Emotional intelligence,,Inteligencia emocional
str_063,Recognise your feelings and understand how they influence your thoughts and behaviours. Self-control is a key part of a leadership attitude.,,Reconoce tus sentimientos y entiende cómo influyen en tus pensamientos y comportamientos. El autocontrol es una parte clave de una actitud de liderazgo.
str_064,Active listening,,Escucha activa
str_065,Listening is not just gathering information — it makes others feel important because their opinions are being valued. Truly hearing someone builds trust.,,Escuchar no es solo recopilar información: hace que los demás se sientan importantes porque valoran sus opiniones. Escuchar de verdad a alguien genera confianza.
str_066,Self-confidence,,Autoconfianza
str_067,"Cultivate a positive view of yourself. Identify your strengths and areas to improve without judgement, and set realistic expectations for yourself.",,"Cultiva una visión positiva de ti mismo. Identifica tus fortalezas y áreas que debes mejorar sin juzgar, y establece expectativas realistas para ti mismo."
str_068,Persistence,,Persistencia
str_069,"Be patient and determined. Don't rush, and never give up — social change rarely happens overnight, and persistence is what keeps a project alive.",,"Sé paciente y decidido. No te precipites y nunca te rindas: el cambio social rara vez ocurre de la noche a la mañana, y la persistencia es lo que mantiene vivo un proyecto."
str_070,Motivation,,Motivación
str_071,"Identify your interests, passions, vocation and capacities. Motivation helps you discover your potential and sustains you through difficult moments.",,"Identifica tus intereses, pasiones, vocación y capacidades. La motivación te ayuda a descubrir tu potencial y te sostiene en los momentos difíciles."
str_072,Resilience,,Resiliencia
str_073,"Overcome obstacles and errors. Develop the capacity to learn from them — look at situations more positively, seek help, and focus on what you can control.",,"Supera obstáculos y errores. Desarrolla la capacidad de aprender de ellos — mira las situaciones de forma más positiva, busca ayuda y céntrate en lo que puedes controlar."
str_074,Proactivity,,Proactividad
str_075,"Be active in proposing ideas, encouraging others to act, and striving to become a role model. Proactive leaders make things happen without waiting to be asked.",,"Sé activo proponiendo ideas, animando a otros a actuar y esforzándote por convertirte en un modelo a seguir. Los líderes proactivos hacen que las cosas sucedan sin esperar a que se les pidan."
str_076,Organisation,,Organización
str_077,Carefully plan your actions to achieve your objectives. Be punctual and prioritise tasks by importance and urgency.,,Planifica cuidadosamente tus acciones para alcanzar tus objetivos. Sé puntual y prioriza las tareas según la importancia y la urgencia.
str_078,Critical thinking,,Pensamiento crítico
str_079,"Make decisions in a balanced way based on objective arguments and various sources of information, considering different viewpoints before acting.",,"Toma decisiones de manera equilibrada basándose en argumentos objetivos y diversas fuentes de información, considerando diferentes puntos de vista antes de actuar."
str_080,Flexibility,,Flexibilidad
str_081,Prepare to adapt to different situations with unexpected issues. Don't fear changing plans — flexible leaders find creative solutions rather than getting stuck.,,Prepárate para adaptarte a diferentes situaciones con problemas inesperados. No temas cambiar de planes — los líderes flexibles encuentran soluciones creativas en lugar de quedarse atascados.
str_082,"""Storytelling creates trust, increases interest and engages your audience so they can understand and share your vision and objectives.""",,"""La narración genera confianza, aumenta el interés y capta la atención de tu audiencia para que pueda entender y compartir tu visión y objetivos."""
str_083,HUMAN Youth Leader Resource Kit,,Kit de Recursos para Líderes Juveniles HUMANOS
str_084,Explore leadership concepts,,Explora conceptos de liderazgo
str_085,What is Leadership?,,¿Qué es el liderazgo?
str_086,Youth Leadership,,Liderazgo Juvenil
str_087,How to Start,,Cómo empezar
str_088,"Leadership can be assumed by anyone. It is the process of guiding and influencing others, based on self-knowledge and self-confidence. Leadership is only successful with the support and consensus of those being led — it is as much about human relationships as it is about organisational duties.",,"El liderazgo puede ser asumido por cualquiera. Es el proceso de guiar e influir en los demás, basado en el autoconocimiento y la confianza en uno mismo. El liderazgo solo tiene éxito con el apoyo y consenso de quienes son liderados: se trata tanto de las relaciones humanas como de las obligaciones organizativas."
str_089,Foundation,,Fundación
str_090,🔑 Self-knowledge & confidence,,🔑 Autoconocimiento y confianza
str_091,Leadership is based on knowing yourself and trusting your own abilities,,El liderazgo se basa en conocerse a uno mismo y confiar en sus propias capacidades
str_092,Condition,,Estado
str_093,🤝 Support & consensus,,🤝 Apoyo y consenso
str_094,Leadership only succeeds with the support and agreement of those being led,,El liderazgo solo tiene éxito con el apoyo y el acuerdo de quienes están siendo liderados
str_095,Scope,,Alcance
str_096,🌱 Human relations & community,,🌱 Relaciones humanas y comunidad
str_097,"Related to organisational duties, but also human development, peer encouragement and community involvement",,"Relacionado con las funciones organizativas, pero también con el desarrollo humano, el apoyo entre iguales y la implicación comunitaria"
str_098,"Youth leadership is a bilateral process: (1) discovering your own strengths, weaknesses and goals, while improving your individual capacities and self-confidence; and (2) developing skills to guide and inspire others, becoming an example. It means finding your voice, working in a team, managing projects, and inspiring others to act on issues like hate speech, discrimination, and exclusion.",,"El liderazgo juvenil es un proceso bilateral: (1) descubrir tus propias fortalezas, debilidades y objetivos, mientras mejoras tus capacidades individuales y tu autoestima; y (2) desarrollar habilidades para guiar e inspirar a otros, convirtiéndose en un ejemplo. Significa encontrar tu voz, trabajar en equipo, gestionar proyectos e inspirar a otros a actuar en temas como el discurso de odio, la discriminación y la exclusión."
str_099,— Explore real stories of young leaders already making a difference at,,— Explora historias reales de jóvenes líderes que ya están marcando la diferencia en
str_100,"Hey, discover my story!",,"¡Eh, descubre mi historia!"
str_101,humanactivists.eu,humanactivists.eu,humanactivists.eu
str_102,Are you ready to challenge yourself? Begin with a self-knowledge exercise based on the,,¿Estás listo para desafiarte a ti mismo? Comienza con un ejercicio de autoconocimiento basado en el
str_103,— a tool that helps you understand how you see yourself versus how others see you.,,— una herramienta que te ayuda a entender cómo te ves a ti mismo frente a cómo te ven los demás.
str_104,Johari Window Model,,Modelo de ventana Johari
str_105,Trust yourself,,Confía en ti mismo
str_106,"The first pillar for inspiring others' confidence is your own mindset. If you don't believe in your idea's potential, no one else will.",,"El primer pilar para inspirar la confianza de los demás es tu propia mentalidad. Si no crees en el potencial de tu idea, nadie más lo hará."
str_107,Develop your interest,,Desarrolla tu interés
str_108,"Commitment grows when you value relationships, communicate effectively, and work together with others — even through conflicts.",,"El compromiso crece cuando valoras las relaciones, te comunicas eficazmente y trabajas en conjunto con los demás, incluso a través de los conflictos."
str_109,Create connections,,Crear conexiones
str_110,Talk to people in your community. Learn about their needs. Face-to-face interactions build genuine engagement; a strong online presence reaches more people.,,Habla con la gente de tu comunidad. Infórmate sobre sus necesidades. Las interacciones cara a cara generan un compromiso genuino; Una fuerte presencia online llega a más personas.
str_111,Communicate effectively,,Comunícate de forma efectiva
str_112,"Good communicators are also good listeners. Effective communication promotes trust, respect and collaboration — focus on your audience and build a story about your cause.",,"Los buenos comunicadores también son buenos oyentes. Una comunicación efectiva fomenta la confianza, el respeto y la colaboración: céntrate en tu audiencia y construye una historia sobre tu causa."
str_113,Build your story,,Construye tu historia
str_114,"Storytelling creates trust and engages your audience so they can understand, share and join your vision. A powerful story moves people from observers to participants.",,"La narración genera confianza y involucra a tu audiencia para que pueda entender, compartir y unirse a tu visión. Una historia poderosa conmueve a las personas, de observadores a participantes."
str_115,A Story of Youth Leadership,,Una historia de liderazgo juvenil
str_116,Fridays for,,Los viernes para
str_117,YOUng,,YOUng
str_118,"This is Mário's story — a real example of how a young person turned an idea into a movement, step by step.",,"Esta es la historia de Mário — un ejemplo real de cómo un joven convirtió una idea en un movimiento, paso a paso."
str_119,💡 The spark,,💡 La chispa
str_120,"Mário, 19, was motivated but didn't know where to start. He joined an online leadership training and began doing introspection exercises — discovering his values and strengths.",,"Mário, de 19 años, estaba motivado pero no sabía por dónde empezar. Se unió a una formación online en liderazgo y comenzó a realizar ejercicios de introspección — descubriendo sus valores y fortalezas."
str_121,🌱 Building confidence,,🌱 Construir confianza
str_122,"After training, he put his learning into practice. Day by day he felt more confident — and he started to want to involve others in what he was discovering.",,"Después del entrenamiento, puso en práctica sus aprendizajes. Día tras día se sentía más seguro — y empezó a querer involucrar a otros en lo que estaba descubriendo."
str_123,💬 The idea,,💬 La idea
str_124,Mário had an idea: a weekly meeting where peers from all backgrounds could gather and discuss their concerns freely — a space that didn't yet exist in his community.,,Mário tuvo una idea: una reunión semanal donde compañeros de todos los orígenes pudieran reunirse y debatir libremente sus preocupaciones — un espacio que aún no existía en su comunidad.
str_125,🛠️ Building it,,🛠️ Construyéndolo
str_126,"He created a team and opened a ""Club"" in a public space, free for young people involved in culture, mental health, and awareness initiatives. Friends helped create a social media channel.",,"Creó un equipo y abrió un ""Club"" en un espacio público, gratuito para jóvenes involucrados en iniciativas culturales, de salud mental y de sensibilización. Amigos ayudaron a crear un canal en redes sociales."
str_127,🌟 The impact,,🌟 El impacto
str_128,They named it,,Lo llamaron
str_129,. The club became a youth-led centre where all feel free to express themselves. Mário now inspires others and builds positive relations across his community.,,. El club se convirtió en un centro dirigido por jóvenes donde todos se sienten libres de expresarse. Ahora Mário inspira a otros y construye relaciones positivas en su comunidad.
str_130,Fridays for YOUng: não fiques só chateado — fala e faz acontecer,,Viernes para YOUng: não fiques só chateado — fala e faz acontecer
str_131,Step 03 — Team & Collaboration,,Paso 03 — Equipo y Colaboración
str_132,ME &,,ME &
str_133,Others,,Otros
str_134,"Youth finds inspiration in many places. Transforming ideas into Social Impact Projects can feel like a giant task — this module guides you on how to share your cause, awaken motivation in others, and get them on board.",,"La juventud encuentra inspiración en muchos lugares. Transformar ideas en Proyectos de Impacto Social puede parecer una tarea enorme — este módulo te guía sobre cómo compartir tu causa, despertar la motivación en los demás y conseguir que se sumen."
str_135,Hover for more ↗,,Pasa el cursor para más ↗ información
str_136,"Youth finds inspiration in many places. But for many, transforming fresh ideas into Social Impact Projects can feel like a giant task. In response to your demand for more accessible tools for activism, we will guide you on how to share your cause, awaken motivation in others and have them on board!",,"La juventud encuentra inspiración en muchos lugares. Pero para muchos, transformar ideas frescas en Proyectos de Impacto Social puede parecer una tarea enorme. En respuesta a tu demanda de herramientas más accesibles para el activismo, te guiaremos sobre cómo compartir tu causa, despertar la motivación en los demás y que ellos estén a bordo."
str_137,"Communication is essential when working in a culturally diverse environment and requires adaptability, flexibility and positivity. By observing actions and listening without judgement, you can understand how people from different backgrounds act and behave — crucial for avoiding misunderstandings and collaborating effectively.",,"La comunicación es esencial cuando se trabaja en un entorno culturalmente diverso y requiere adaptabilidad, flexibilidad y positividad. Observando las acciones y escuchando sin juicios, puedes entender cómo actúan y se comportan personas de diferentes orígenes — algo crucial para evitar malentendidos y colaborar eficazmente."
str_138,Intercultural communication,,Comunicación intercultural
str_139,"Essential in culturally diverse environments. Needs adaptability, flexibility, and positivity — observe and listen without judgement.",,"Esencial en entornos culturalmente diversos. Necesita adaptabilidad, flexibilidad y positividad: observa y escucha sin juzgar."
str_140,Click for exercise ↓,,Haz clic para hacer ejercicio ↓
str_141,"Co-creation takes collaboration to the next level. Each team member can contribute their unique perspective, skills and experiences to produce the best possible solution with the greatest impact. In the HUMAN project, co-creation refers to the relationship that youth workers and young leaders build to stimulate positive change through the creation, planning and implementation of a Social Impact Project.",,"La co-creación lleva la colaboración al siguiente nivel. Cada miembro del equipo puede aportar su perspectiva, habilidades y experiencias únicas para producir la mejor solución posible con el mayor impacto. En el proyecto HUMAN, la co-creación se refiere a la relación que los trabajadores juveniles y los jóvenes líderes construyen para estimular un cambio positivo mediante la creación, planificación e implementación de un Proyecto de Impacto Social."
str_142,Co-creation,,Co-creación
str_143,"Each member contributes unique perspectives, skills and experience. Co-creation elevates collaboration and stimulates positive change.",,"Cada miembro aporta perspectivas, habilidades y experiencia únicas. La co-creación eleva la colaboración y estimula el cambio positivo."
str_144,"Empathy is an essential leadership skill — the capacity to understand the needs of others, and to be aware of their feelings and thoughts. Our capacity to be empathetic towards others is not innate; it can be developed.",,La empatía es una habilidad esencial de liderazgo: la capacidad de entender las necesidades de los demás y de ser consciente de sus sentimientos y pensamientos. Nuestra capacidad para ser empáticos con los demás no es innata; Se puede desarrollar.
str_145,❤️,,❤️
str_146,Empathy,,Empatía
str_147,"The capacity to understand others' needs, be aware of their feelings and thoughts. Not innate — it can be actively developed.",,"La capacidad de entender las necesidades de los demás, ser consciente de sus sentimientos y pensamientos. No es innato — puede desarrollarse activamente."
str_148,"Delegation means assigning tasks to each team member, trusting in their capabilities to achieve the expected results on time. It is important to involve your team in the delegation process and empower team members to decide which tasks should be delegated to them. Focus on results rather than how the work should be done — your way is not necessarily the only or even the best way!",,"Delegar significa asignar tareas a cada miembro del equipo, confiando en sus capacidades para lograr los resultados esperados a tiempo. Es importante involucrar a tu equipo en el proceso de delegación y capacitar a los miembros para que decidan qué tareas deben delegarles. Concéntrate en los resultados en lugar de en cómo debe hacerse el trabajo — tu manera no es necesariamente la única ni siquiera la mejor."
str_149,Delegation,,Delegación
str_150,"Assigning tasks to team members and trusting their capabilities. Involve your team in the delegation process and focus on results, not method.",,"Asignar tareas a los miembros del equipo y confiar en sus capacidades. Involucra a tu equipo en el proceso de delegación y céntrate en los resultados, no en el método."
str_151,Team building,,Formación de equipos
str_152,"Working with your team to define roles, build trust, and create an environment where everyone can contribute effectively.",,"Trabajar con tu equipo para definir roles, generar confianza y crear un entorno donde todos puedan contribuir eficazmente."
str_153,✕ Close,,✕ Cerrar
str_154,🌐 Intercultural Communication — Reflection Exercise,,🌐 Comunicación intercultural — Ejercicio de reflexión
str_155,Think of a situation where you experienced cultural diversity. Reflect on: What did you know about the other person's background? What made you curious? What did you feel when you encountered something different from what you expected? How did you react — and how would you react differently now?,,Piensa en una situación en la que experimentaste diversidad cultural. Reflexiona sobre: ¿Qué sabías sobre el pasado de la otra persona? ¿Qué te despertó la curiosidad? ¿Qué sentiste al encontrarte con algo diferente a lo que esperabas? ¿Cómo reaccionaste — y cómo reaccionarías de forma diferente ahora?
str_156,🔄 Co-creation — Safe Space Exercise,,🔄 Co-creación — Ejercicio de Espacio Seguro
str_157,"Reflect on ways to create safe spaces where team members feel comfortable sharing their opinions. Consider: small group discussions, informal conversations, anonymous questionnaires, written or visual sharing methods, and turn-taking rules. Which of these could work in your team right now?",,"Reflexiona sobre formas de crear espacios seguros donde los miembros del equipo se sientan cómodos compartiendo sus opiniones. Consideremos: discusiones en grupos pequeños, conversaciones informales, cuestionarios anónimos, métodos de intercambio escrito o visual, y reglas para turnar. ¿Cuál de estos podría funcionar en tu equipo ahora mismo?"
str_158,❤️ Empathy — Connection Exercise,,❤️ Empatía — Ejercicio de Conexión
str_159,"Seek out opportunities to connect with people from different backgrounds. Create a safe space for conversation. Try to identify what makes them feel happy and comfortable. Show genuine interest — without judgement — in the differences you discover. Practice active listening: listen to understand, not just to respond.",,"Busca oportunidades para conectar con personas de diferentes orígenes. Crea un espacio seguro para la conversación. Intenta identificar qué les hace sentir felices y cómodos. Muestra interés genuino — sin juicios — en las diferencias que descubres. Practica la escucha activa: escucha para entender, no solo para responder."
str_160,📋 Delegation — Team Mapping Exercise,,📋 Delegación — Ejercicio de Mapeo en Equipo
str_161,"Evaluate the main competencies of each team member. Then assign tasks that allow them to develop and strengthen those competencies — including their areas for improvement. Involve the team in deciding which tasks should be delegated to whom. Remember: focus on results, not on how the work is done.",,"Evalúa las principales competencias de cada miembro del equipo. Luego asigna tareas que les permitan desarrollar y fortalecer esas competencias — incluyendo sus áreas de mejora. Involucra al equipo en la decisión de qué tareas delegar a quién. Recuerda: céntrate en los resultados, no en cómo se realiza el trabajo."
str_162,Storytelling for Change,,Contar historias para el cambio
str_163,Build your powerful story,,Construye tu poderosa historia
str_164,"Storytelling creates trust, increases interest, and engages your audience so they can understand and share your vision. A compelling story moves people from observers to participants.",,"Contar historias genera confianza, aumenta el interés y capta la atención de tu audiencia para que puedan entender y compartir tu visión. Una historia impactante mueve a la gente, de observadores a participantes."
str_165,How to build a powerful story →,,Cómo construir una historia poderosa →
str_166,"✨ Your ""why""",,"✨ Tu ""por qué"""
str_167,The deep motivation behind your action,,La profunda motivación detrás de tu acción
str_168,🎭 The challenge,,🎭 El reto
str_169,The problem you have identified and experienced,,El problema que has identificado y experimentado
str_170,🌟 The transformation,,🌟 La transformación
str_171,What changed because of your action,,¿Qué cambió por tu acción?
str_172,📣 The invitation,,📣 La invitación
str_173,How others can join your movement,,Cómo otros pueden unirse a tu movimiento
str_174,Step 04 — Social Impact,,Paso 04 — Impacto Social
str_175,ME & the,,YO y el
str_176,Community is a central element of identity.,,La comunidad es un elemento central de la identidad.
str_177,to explore what it means for your work as a young leader.,,Explorar qué significa para tu trabajo como joven líder.
str_178,Click each pillar,,Haz clic en cada pilar
str_179,Why young people?,,¿Por qué los jóvenes?
str_180,"Young people have unique potential, as well as the energy, enthusiasm, optimism and creativity to seek collaborative solutions to complex challenges. Young people are vital in addressing local issues because they live the daily reality of their neighbourhoods, know the strengths and vulnerabilities of their communities, and understand the culture and common values.",,"Los jóvenes tienen un potencial único, así como la energía, el entusiasmo, el optimismo y la creatividad para buscar soluciones colaborativas a desafíos complejos. Los jóvenes son fundamentales para abordar los problemas locales porque viven la realidad diaria de sus barrios, conocen las fortalezas y vulnerabilidades de sus comunidades y comprenden la cultura y los valores comunes."
str_181,🏘️,,🏘️
str_182,"The group of people with whom you share a space, interests, or values",,"El grupo de personas con las que compartes un espacio, intereses o valores"
str_183,Click to explore ↓,,Haz clic para explorar ↓
str_184,Solidarity,,Solidaridad
str_185,The mutual support that unites the members of a community,,El apoyo mutuo que une a los miembros de una comunidad
str_186,Territory,,Territorio
str_187,The physical and symbolic space that defines the community,,El espacio físico y simbólico que define a la comunidad
str_188,Sense of Belonging,,Sentido de pertenencia
str_189,Feeling part of something larger than yourself — vital for inclusion,,Sentirse parte de algo más grande que uno mismo — vital para la inclusión
str_190,"The concept of community is related to a set of social relations, based on something its members have in common.",,"El concepto de comunidad está relacionado con un conjunto de relaciones sociales, basadas en algo que sus miembros tienen en común."
str_191,"Solidarity is the result produced from shared interests, objectives and patterns within a group. It is what keeps communities moving in difficult situations — such as the COVID-19 pandemic, economic crises, situations of racism, discrimination against minorities, and wars. It is important that, as a young leader, you explain to your peers during the development of a SIP that community connection does not exist if solidarity is absent from the group.",,"La solidaridad es el resultado producido por intereses, objetivos y patrones compartidos dentro de un grupo. Es lo que mantiene a las comunidades en movimiento en situaciones difíciles — como la pandemia de COVID-19, crisis económicas, situaciones de racismo, discriminación contra minorías y guerras. Es importante que, como joven líder, expliques a tus compañeros durante el desarrollo de un SIP que la conexión comunitaria no existe si falta solidaridad en el grupo."
str_192,"Territory refers to the specific geographic area where a group of people, a community or a neighbourhood lives. Common practices and similar ways of living in a defined area are elements that contribute to the building of a spirit of identity and belonging to a specific place. By supporting local initiatives, young leaders can contribute — through their social actions — to growing or reinforcing a sense of community and inspire their peers to participate too.",,"Territorio se refiere al área geográfica específica donde vive un grupo de personas, una comunidad o un barrio. Las prácticas comunes y formas similares de vivir en un área definida son elementos que contribuyen a la construcción de un espíritu de identidad y de pertenencia a un lugar específico. Apoyando iniciativas locales, los jóvenes líderes pueden contribuir —a través de sus acciones sociales— a fomentar o reforzar el sentido de comunidad e inspirar a sus compañeros a participar también."
str_193,"Social belonging is the subjective feeling of inclusion or acceptance in a group of people. This sense of community in a social group is a basic human need that people must satisfy in order to maintain their own identity, physical wellbeing, and mental health. To build a sense of belonging, it is important to create an emotional connection with other community members — this will make it possible to create a sense of trust and proximity. To promote this feeling, it is also important that each person feels respected in their values and beliefs.",,"Pertenencia social es la sensación subjetiva de inclusión o aceptación en un grupo de personas. Este sentido de comunidad en un grupo social es una necesidad humana básica que las personas deben satisfacer para mantener su propia identidad, bienestar físico y salud mental. Para crear un sentido de pertenencia, es importante crear una conexión emocional con otros miembros de la comunidad; esto hará posible crear un sentido de confianza y proximidad. Para promover este sentimiento, también es importante que cada persona se sienta respetada en sus valores y creencias."
str_194,Needs Analysis,,Análisis de necesidades
str_195,for practical guidance,,Para orientación práctica
str_196,Hover each method,,Pasa el cursor por cada método
str_197,"What do you notice when observing your target group in context? Focus on behaviours, attitudes and reactions. What tensions or needs become visible when you simply pay attention?",,"¿Qué notas al observar a tu grupo objetivo en contexto? Céntrate en los comportamientos, actitudes y reacciones. ¿Qué tensiones o necesidades se hacen visibles cuando simplemente prestas atención?"
str_198,👁️,,👁️
str_199,Observations,,Observaciones
str_200,What would you like to know about your target group? Go prepared — list your questions first. Focus on both verbal and non-verbal communication. Let their stories guide your understanding.,,¿Qué te gustaría saber sobre tu grupo objetivo? Prepárate — enumera primero tus preguntas. Concéntrate tanto en la comunicación verbal como no verbal. Deja que sus historias guíen tu comprensión.
str_201,🎙️,,🎙️
str_202,Interviews,,Entrevistas
str_203,What data do you want to know about your target group? Prepare a questionnaire with related questions to collect what you need and plan your SIP actions.,,¿Qué datos quieres saber sobre tu grupo objetivo? Prepara un cuestionario con preguntas relacionadas para recopilar lo que necesitas y planificar tus acciones SIP.
str_204,Surveys,,Encuestas
str_205,"Are there strong relations between people in your community? Do people trust each other? Do they share values, religion or interests? Build on strengths rather than starting from scratch.",,"¿Existen relaciones fuertes entre las personas de tu comunidad? ¿La gente confía en los demás? ¿Comparten valores, religión o intereses? Construye sobre tus fortalezas en lugar de empezar desde cero."
str_206,Strengths,,Fortalezas
str_207,Are there specific urgent issues to address? What is missing in your community? How can young people contribute to finding a solution?,,¿Hay asuntos urgentes específicos que atender? ¿Qué falta en vuestra comunidad? ¿Cómo pueden los jóvenes contribuir a encontrar una solución?
str_208,Gaps,,Huecos
str_209,What resources are available in your community? How does the community mobilise them? Who can you contact to present your SIP?,,¿Qué recursos hay disponibles en tu comunidad? ¿Cómo los moviliza la comunidad? ¿A quién puedes contactar para presentar tu SIP?
str_210,Resources,,Recursos
str_211,Community Profile,,Perfil de la comunidad
str_212,Understanding your community is the foundation of any effective Social Impact Project. The diagram below shows the five key steps and the dimensions to explore at each stage.,,Comprender tu comunidad es la base de cualquier Proyecto de Impacto Social eficaz. El diagrama siguiente muestra los cinco pasos clave y las dimensiones a explorar en cada etapa.
str_213,"Observing and understanding your community's structure is essential — it is often an important source of social relations and information such as beliefs, attitudes, values and common objectives.",,"Observar y comprender la estructura de tu comunidad es esencial: a menudo es una fuente importante de relaciones sociales e información como creencias, actitudes, valores y objetivos comunes."
str_214,DEFINE YOUR COMMUNITY,,DEFINE TU COMUNIDAD
str_215,Click for guiding questions,,Haz clic para preguntas orientativas
str_216,POPULATION,,POBLACIÓN
str_217,ATTITUDES & VALUES,,ACTITUDES y VALORES
str_218,"As a young leader involved in a SIP, it is essential to identify the needs of your target group and the areas to improve in your community, in order to plan effective actions.",,"Como joven líder involucrado en un SIP, es esencial identificar las necesidades de tu grupo objetivo y las áreas que debes mejorar en tu comunidad para planificar acciones efectivas."
str_219,ASSESS NEEDS,,EVALUAR NECESIDADES
str_220,STRENGTHS ↑,,FORTALEZAS ↑
str_221,Every social action requires effective communication between various groups of people. Communication with reference people in the community is vital to the success of your actions and to understanding your target group's needs.,,Toda acción social requiere una comunicación efectiva entre distintos grupos de personas. La comunicación con las personas de referencia de la comunidad es vital para el éxito de tus acciones y para comprender las necesidades de tu grupo objetivo.
str_222,BUILD RELATIONS,,CONSTRUIR RELACIONES
str_223,KEY PEOPLE,,PERSONAS CLAVE
str_224,"The collection and analysis of information allows you to identify relevant themes and problems, understand who is at risk, why, and what can be done about it.",,"La recopilación y análisis de información te permite identificar temas y problemas relevantes, entender quién está en riesgo, por qué y qué se puede hacer al respecto."
str_225,COLLECT DATA,,RECOPILAR DATOS
str_226,OBSERVATIONS ↑,,OBSERVACIONES ↑
str_227,Brainstorm ideas and solutions according to the needs you have found. Establish realistic SMART objectives and prepare an effective action plan with your team. Involve your community — and don't forget the resources available to you!,,Haz una lluvia de ideas y soluciones según las necesidades que hayas encontrado. Establece objetivos SMART realistas y prepara un plan de acción eficaz con tu equipo. Involucra a tu comunidad — ¡y no olvides los recursos que tienes a tu disposición!
str_228,IDENTIFY A SOLUTION,,IDENTIFICAR UNA SOLUCIÓN
str_229,OBJECTIVES,,OBJETIVOS
str_230,CHALLENGES,,RETOS
str_231,OPPORTUNITIES,,OPORTUNIDADES
str_232,Hover diamonds for description · Click sub-nodes for guiding questions,,Diamantes flotantes para descripción · Haz clic en subnodos para preguntas orientadoras
str_233,to explore the key questions,,para explorar las preguntas clave
str_234,Click any dimension,,Haz clic en cualquier dimensión
str_235,"Observe and understand your community's structure — it is an important source of social relations and information: beliefs, attitudes, values and common objectives. Ask: who are you trying to help? What do they have in common? Where do they live and meet?",,"Observa y comprende la estructura de tu comunidad: es una fuente importante de relaciones sociales e información: creencias, actitudes, valores y objetivos comunes. Pregunta: ¿a quién intentas ayudar? ¿Qué tienen en común? ¿Dónde viven y se reúnen?"
str_236,Define your community:,,Define tu comunidad:
str_237,"As a young leader involved in a SIP, it is essential to identify the needs of your target group and the areas to improve in your community, so you can plan effective actions. What does the community lack? What can be improved?",,"Como joven líder involucrado en un SIP, es esencial identificar las necesidades de tu grupo objetivo y las áreas que debes mejorar en tu comunidad, para poder planificar acciones efectivas. ¿Qué le falta a la comunidad? ¿Qué se puede mejorar?"
str_238,Assess needs:,,Evaluar necesidades:
str_239,"The collection and analysis of information allows you to identify relevant themes and problems, understand who is at risk, why, and what can be done. Combine qualitative data (stories, quotes) with quantitative data (numbers, statistics). Always respect privacy and get consent.",,"La recopilación y análisis de información te permite identificar temas y problemas relevantes, entender quién está en riesgo, por qué y qué se puede hacer. Combina datos cualitativos (historias, citas) con datos cuantitativos (números, estadísticas). Siempre respeta la privacidad y obtén tu consentimiento."
str_240,Collect data:,,Recopila datos:
str_241,Every social action requires effective communication between various groups of people. Communication with reference people in the community is vital to the success of your actions and to understanding your target group's needs. Invest time in building authentic relationships before you launch.,,Toda acción social requiere una comunicación efectiva entre distintos grupos de personas. La comunicación con las personas de referencia de la comunidad es vital para el éxito de tus acciones y para comprender las necesidades de tu grupo objetivo. Invierte tiempo en construir relaciones auténticas antes de lanzarte.
str_242,Build relations:,,Construir relaciones:
str_243,Brainstorm ideas and solutions according to the needs you have found. Establish realistic SMART objectives and prepare an effective action plan with your team. Involve the community — and don't forget to make use of available resources.,,Haz una lluvia de ideas y soluciones según las necesidades que hayas encontrado. Establece objetivos SMART realistas y prepara un plan de acción eficaz con tu equipo. Involucra a la comunidad — y no olvides aprovechar los recursos disponibles.
str_244,Identify a solution:,,Identifica una solución:
str_245,• Where does your target group live and meet?,,• ¿Dónde vive y se reúne su grupo objetivo?
str_246,• Are there public spaces in your neighbourhood?,,• ¿Hay espacios públicos en tu barrio?
str_247,• What infrastructure could you use for the implementation of your SIP?,,• ¿Qué infraestructura podrías utilizar para la implementación de tu SIP?
str_248,Territory — Guiding questions:,,Territorio — Preguntas orientadoras:
str_249,• Who do you want to help?,,• ¿A quién quieres ayudar?
str_250,• What cultures exist in your community?,,• ¿Qué culturas existen en vuestra comunidad?
str_251,• What are the dominant values?,,• ¿Cuáles son los valores dominantes?
str_252,"• What is the age, gender, cultural background, etc. of the population you want to work with?",,"• ¿Cuál es la edad, género, trasfondo cultural, etc. de la población con la que quieres trabajar?"
str_253,Population — Guiding questions:,,Población — Preguntas orientadoras:
str_254,• What motivates your community?,,• ¿Qué motiva a vuestra comunidad?
str_255,• How does your community react to and overcome more difficult issues?,,• ¿Cómo reacciona su comunidad a los problemas más difíciles y cómo supera?
str_256,Attitudes & Values — Guiding questions:,,Actitudes y valores — Preguntas orientadoras:
str_257,• What opportunities do you identify in your community based on the data you have collected?,,• ¿Qué oportunidades identifica en su comunidad basándose en los datos que ha recopilado?
str_258,• How does the community benefit from your SIP?,,• ¿Cómo se beneficia la comunidad de tu SIP?
str_259,• What resources do you need to achieve your objectives? What is available and accessible?,,• ¿Qué recursos necesitas para alcanzar tus objetivos? ¿Qué está disponible y accesible?
str_260,Opportunities — Guiding questions:,,Oportunidades — Preguntas orientadoras:
str_261,• Who are the reference people in your community?,,• ¿Quiénes son las personas de referencia en tu comunidad?
str_262,• Who can you connect with?,,• ¿Con quién puedes ponerte en contacto?
str_263,• Who can support you in implementing your SIP?,,• ¿Quién puede apoyarte en la implementación de tu SIP?
str_264,Key People — Guiding questions:,,Personas clave — Preguntas orientadoras:
str_265,• What challenges might you encounter?,,• ¿Qué desafíos podrías encontrar?
str_266,• What risks exist?,,• ¿Qué riesgos existen?
str_267,• How would you overcome them?,,• ¿Cómo los superarías?
str_268,• Who would you contact to seek support?,,• ¿A quién contactarías para buscar apoyo?
str_269,Challenges — Guiding questions:,,Retos — Preguntas orientadoras:
str_270,What do you want to achieve with your SIP? Define your,,¿Qué quieres lograr con tu SIP? Define tu
str_271,"— for them to be useful, they need to be:",,"— para que sean útiles, deben ser:"
str_272,the objectives are clear,,Los objetivos son claros
str_273,you can evaluate and measure the success and completion of objectives,,Puedes evaluar y medir el éxito y la finalización de los objetivos
str_274,the objectives are realistic,,Los objetivos son realistas
str_275,the objectives respond to identified needs,,Los objetivos responden a las necesidades identificadas
str_276,set deadlines indicating when objectives will be completed,,establecer plazos que indican cuándo se completarán los objetivos
str_277,Objectives — Guiding questions:,,Objetivos — Preguntas orientadoras:
str_278,SMART objectives,,Objetivos SMART
str_279,Specific:,,Específico:
str_280,Measurable:,,Medible:
str_281,Achievable:,,Posible:
str_282,Relevant:,,Relevante:
str_283,Time-bound:,,Límite temporal:
str_284,The Importance of Scale,,La importancia de la escala
str_285,"Global issues always have local manifestations. For a young leader, working at community level on big topics means asking the right questions at each scale.",,"Los problemas globales siempre tienen manifestaciones locales. Para un joven líder, trabajar a nivel comunitario en grandes temas significa hacer las preguntas adecuadas en cada escala."
str_286,to see the guiding questions for that scale.,,para ver las preguntas guía para esa escala.
str_287,Click each level,,Haz clic en cada nivel
str_288,🌍 Example topic:,,🌍 Tema de ejemplo:
str_289,Climate Change,,Cambio climático
str_290,Climate change is one of the biggest challenges humanity faces today. It affects all countries and can have devastating effects on communities and people.,,El cambio climático es uno de los mayores desafíos a los que se enfrenta la humanidad hoy en día. Afecta a todos los países y puede tener efectos devastadores en comunidades y personas.
str_291,Climate change is one of the biggest challenges humanity faces today. It affects all countries and can have devastating effects on communities and people. Let's try to reduce it — connecting the local scale with the global.,,El cambio climático es uno de los mayores desafíos a los que se enfrenta la humanidad hoy en día. Afecta a todos los países y puede tener efectos devastadores en comunidades y personas. Intentemos reducirlo — conectando la escala local con lo global.
str_292,🌍 Global,,🌍 Global
str_293,How climate change is transforming the world,,Cómo el cambio climático está transformando el mundo
str_294,• How is climate change transforming the natural world?,,• ¿Cómo está transformando el cambio climático el mundo natural?
str_295,"• Do you notice differences in biodiversity, the marine environment, sea levels, etc.?",,"• ¿Notas diferencias en la biodiversidad, el medio marino, el nivel del mar, etc.?"
str_296,• Are there social problems related to climate change?,,• ¿Existen problemas sociales relacionados con el cambio climático?
str_297,🗺️ Regional,,🗺️ Regional
str_298,How different regions are affected,,Cómo se ven afectadas las diferentes regiones
str_299,• How are different regions affected by climate change?,,• ¿Cómo se ven afectadas las diferentes regiones por el cambio climático?
str_300,• Do you think climate change will increase global inequalities?,,• ¿Cree que el cambio climático aumentará las desigualdades globales?
str_301,• Do you think government actions are adequate to counter the climate crisis?,,• ¿Cree que las acciones gubernamentales son suficientes para contrarrestar la crisis climática?
str_302,🏘️ Community,,🏘️ Comunidad
str_303,Changes in your local reality,,Cambios en tu realidad local
str_304,• Has something changed in your local reality?,,• ¿Ha cambiado algo en tu realidad local?
str_305,• Do you notice any differences compared to the past?,,• ¿Notas alguna diferencia respecto al pasado?
str_306,Reflect with your colleagues and community about the daily impact of climate change in your life.,,Reflexiona con tus compañeros y la comunidad sobre el impacto diario del cambio climático en tu vida.
str_307,🧍 Individual,,🧍 Individual
str_308,The impact of your own daily actions,,El impacto de tus propias acciones diarias
str_309,• What is the impact of your daily actions?,,• ¿Cuál es el impacto de tus acciones diarias?
str_310,• Where can you find reliable information on green actions?,,• ¿Dónde puedes encontrar información fiable sobre acciones ecológicas?
str_311,• Are there habits you can change to respect and preserve the environment?,,• ¿Hay hábitos que puedas cambiar para respetar y preservar el medio ambiente?
str_312,Think of practical things you can do in your daily activities to counter the problem.,,Piensa en cosas prácticas que puedas hacer en tus actividades diarias para contrarrestar el problema.
str_313,🧠 Example topic:,,🧠 Tema de ejemplo:
str_314,Mental Health,,Salud mental
str_315,Millions of people worldwide have mental health problems — the UN estimates one in four people will experience mental health issues during their lifetime.,,Millones de personas en todo el mundo tienen problemas de salud mental — la ONU estima que una de cada cuatro personas experimentará problemas de salud mental a lo largo de su vida.
str_316,Millions of people worldwide have mental health problems — the United Nations estimates that one in four people will experience mental health issues during their lifetime. Unresolved mental health problems can have a negative influence at different levels. Let's try to reflect on this.,,Millones de personas en todo el mundo tienen problemas de salud mental — las Naciones Unidas estiman que una de cada cuatro personas experimentará problemas de salud mental a lo largo de su vida. Los problemas de salud mental no resueltos pueden tener una influencia negativa en distintos niveles. Intentemos reflexionar sobre esto.
str_317,"Social, political and economic factors",,"Factores sociales, políticos y económicos"
str_318,• Do you think there are factors that can increase mental health problems?,,• ¿Crees que hay factores que pueden aumentar los problemas de salud mental?
str_319,"• From your perspective, how do social, political and economic aspects affect mental health?",,"• Desde tu perspectiva, ¿cómo afectan los aspectos sociales, políticos y económicos a la salud mental?"
str_320,• What decisions should governments adopt to address this issue?,,• ¿Qué decisiones deberían adoptar los gobiernos para abordar este problema?
str_321,Unequal exposure across populations and regions,,Exposición desigual entre poblaciones y regiones
str_322,"• Do you think some populations are more exposed to mental health crises than others? If so, why?",,"• ¿Cree que algunas poblaciones están más expuestas a crisis de salud mental que otras? Si es así, ¿por qué?"
str_323,• How do inequalities between regions affect mental health and its treatment?,,• ¿Cómo afectan las desigualdades entre regiones a la salud mental y a su tratamiento?
str_324,"Taboos, stigmas and access in your community",,"Tabúes, estigmas y acceso en tu comunidad"
str_325,"• Is mental health a taboo in your community? If so, why?",,"• ¿Es la salud mental un tabú en tu comunidad? Si es así, ¿por qué?"
str_326,• Is it easy to access mental health treatment in your community?,,• ¿Es fácil acceder a tratamiento de salud mental en tu comunidad?
str_327,• Are there stigmas about mental health problems in your community?,,• ¿Existen estigmas sobre los problemas de salud mental en tu comunidad?
str_328,How community views affect personal openness,,Cómo las opiniones de la comunidad afectan la apertura personal
str_329,• Does the way mental health issues are seen in your community affect how you talk about mental health?,,• ¿La forma en que se ven los problemas de salud mental en tu comunidad afecta a cómo hablas sobre la salud mental?
str_330,• Do you feel comfortable talking about mental health with your friends and/or peers?,,• ¿Te sientes cómodo hablando sobre salud mental con tus amigos y/o compañeros?
str_331,Social Impact Project Lifecycle,,Ciclo de vida del Proyecto de Impacto Social
str_332,for key questions and tips,,para preguntas clave y consejos
str_333,Click each phase,,Haz clic en cada fase
str_334,Start,,Comienzo
str_335,"Define the project structure: main objective, target group, resources needed and team. This crucial phase sets the foundation.",,"Define la estructura del proyecto: objetivo principal, grupo objetivo, recursos necesarios y equipo. Esta fase crucial sienta las bases."
str_336,Identify community needs → Determine your overall objective and SMART objectives → Clarify budget and time constraints → Establish your team and define roles → Determine when and how community partners will be involved → Contact reference people in your community.,,Identificar las necesidades de la comunidad → Determinar tu objetivo general y los objetivos SMART → Aclarar las limitaciones de presupuesto y tiempo → Establecer tu equipo y definir roles → Determinar cuándo y cómo los socios comunitarios participarán → Contactar con las personas de referencia de tu comunidad.
str_337,Key steps:,,Pasos clave:
str_338,Planning,,Planificación
str_339,"Define the steps and actions to achieve your SIP objectives — the ""HOW"". Establish tasks, milestones, resources, materials and permissions needed.",,"Define los pasos y acciones para alcanzar tus objetivos SIP — el ""CÓMO"". Establece tareas, hitos, recursos, materiales y permisos necesarios."
str_340,Decide on milestones → Define tasks and actions → Create a calendar for task assignment → Define your communication strategy to reach other community partners → Identify potential risks and ways to overcome them.,,Decide los hitos → Define tareas y acciones → Crea un calendario para asignar tareas → Define tu estrategia de comunicación para llegar a otros socios comunitarios → Identifica los riesgos potenciales y formas de superarlos.
str_341,Implementation,,Implementación
str_342,The key moment — putting the plan into action and keeping the team on track. Monitor progress and adapt as needed.,,El momento clave: poner el plan en marcha y mantener al equipo en el buen camino. Supervisa el progreso y adapta según sea necesario.
str_343,Take an active role in the realisation of project activities → Keep team members motivated in their tasks → Communicate with partners to inform them about project progress → Monitor progress and challenges encountered → Face risks as they appear → Listen to suggestions and comments from your community.,,Participa activamente en la realización de las actividades del proyecto → Mantén motivados a los miembros del equipo en sus tareas → Comunica con los socios para informarles sobre el progreso del proyecto → Supervisa el progreso y los desafíos encontrados → Afronta los riesgos que aparecen → Escucha sugerencias y comentarios de tu comunidad.
str_344,Conclusion,,Conclusión
str_345,"Finalise activities, evaluate impact, identify areas for improvement and celebrate with your team.",,"Finaliza actividades, evalúa el impacto, identifica áreas de mejora y celebra con tu equipo."
str_346,Prepare evaluation questionnaires → Analyse feedback and prepare a report → Identify areas for improvement for future actions → Communicate externally what was achieved during the development of the SIP → Celebrate the end of the project by valuing the work of the team involved!,,Prepara cuestionarios de evaluación → Analizar la retroalimentación y elaborar un informe → Identificar áreas de mejora para acciones futuras → Comunicar externamente lo logrado durante el desarrollo del SIP → ¡Celebrar el final del proyecto valorando el trabajo del equipo implicado!
str_347,Additional Resources,,Recursos adicionales
str_348,Annexes &,,Anexos y
str_349,Materials,,Materiales
str_350,Practical tools to deepen your learning.,,Herramientas prácticas para profundizar en tu aprendizaje.
str_351,to see what is inside.,,Para ver qué hay dentro.
str_352,Click each card,,Haz clic en cada carta
str_353,Activities for Young Leaders,,Actividades para Jóvenes Líderes
str_354,Practical exercises and group dynamics to develop your leadership skills.,,Ejercicios prácticos y dinámica de grupo para desarrollar tus habilidades de liderazgo.
str_355,Click to expand ↓,,Haz clic para expandir ↓
str_356,"A collection of hands-on activities for youth groups, organised around the three pillars of the kit:",,"Una colección de actividades prácticas para grupos juveniles, organizadas en torno a los tres pilares del kit:"
str_357,The Ideal Young Leader (45 min) — Getting to Know Each Other / Group Agreement (70 min),,El líder joven ideal (45 min) — Conociéndonos / Acuerdo de grupo (70 min)
str_358,ME & Others:,,ME y otros:
str_359,Welcome to My Neighbourhood / Emotional Map (60 min) — Developing a Local Strategy using the GROW Model (45 min),,Bienvenidos a Mi Mapa Vecinal / Emocional (60 min) — Desarrollando una estrategia local usando el Modelo GROW (45 min)
str_360,ME & the Community:,,ME y la comunidad:
str_361,Download PDF ↗,,Descargar PDF ↗
str_362,Rights & Duties as Young Leaders,,Derechos y deberes como jóvenes líderes
str_363,Know your rights as an active young citizen and the responsibilities that come with leadership.,,Conoce tus derechos como ciudadano joven activo y las responsabilidades que conlleva el liderazgo.
str_364,Your duties:,,Tus funciones:
str_365,Act as a role model for your peers and community,,Actúa como modelo a seguir para tus compañeros y la comunidad
str_366,Commit to the project and maintain that commitment to its objectives until the end,,Comprométete con el proyecto y mantén ese compromiso con sus objetivos hasta el final
str_367,Stay informed and remain at the forefront of social issues,,Mantente informado y mantente a la vanguardia de los problemas sociales
str_368,Develop a sense of initiative to carry out activities for and with your community,,Desarrolla un sentido de iniciativa para llevar a cabo actividades para y con tu comunidad
str_369,Guide your peers to become active members of their community,,Guía a tus compañeros para que se conviertan en miembros activos de su comunidad
str_370,"Collaborate with your team and with local partners (municipalities, associations, sports organisations, etc.)",,"Colabora con tu equipo y con socios locales (municipios, asociaciones, organizaciones deportivas, etc.)"
str_371,Your rights:,,Tus derechos:
str_372,Know the resources available for the topics you wish to work on,,Conoce los recursos disponibles para los temas en los que deseas trabajar
str_373,Receive appropriate training and clear guidance to strengthen your skills and knowledge,,Recibe la formación adecuada y una orientación clara para fortalecer tus habilidades y conocimientos
str_374,Receive support in developing strong leadership capacities,,Recibir apoyo para desarrollar fuertes capacidades de liderazgo
str_375,Gain experience in volunteering and team management that can strengthen your CV,,Adquiere experiencia en voluntariado y gestión de equipos que pueda fortalecer tu currículum
str_376,"Build connections with other young leaders at local, national, and European level",,"Crea conexiones con otros jóvenes líderes a nivel local, nacional y europeo"
str_377,✍️,,✍️
str_378,Participation Agreement,,Acuerdo de Participación
str_379,A document that formalises your commitment to the HUMAN project and your Social Impact Project.,,Un documento que formalice tu compromiso con el proyecto HUMAN y tu Proyecto de Impacto Social.
str_380,"The agreement is entered into between the HUMAN project and the young leader. It covers: the project's objectives, what the partnership commits to (training, resources, guidance, support), and the participant's commitment to use the kit as guidance for implementing their SIP.",,"El acuerdo se firma entre el proyecto HUMAN y el joven líder. Abarca: los objetivos del proyecto, a qué se compromete la colaboración (formación, recursos, orientación, apoyo) y el compromiso del participante para utilizar el kit como guía para implementar su SIP."
str_381,Preview →,,Vista previa →
str_382,Tips & Tricks,,Consejos y trucos
str_383,Wisdom for the,,Sabiduría para la
str_384,journey ahead,,Viaje por delante
str_385,"Being a successful youth leader takes time. Don't stress — go step by step. You may not have all the competencies detailed on these pages right now, but you can develop them through others or learn them through practice. Trust your potential!",,"Ser un líder juvenil exitoso lleva tiempo. No te estreses: ve paso a paso. Puede que no tengas todas las competencias detalladas en estas páginas ahora mismo, pero puedes desarrollarlas a través de otros o aprenderlas mediante la práctica. ¡Confía en tu potencial!"
str_386,Trust your potential,,Confía en tu potencial
str_387,"You may not have all the competencies right now, but you can develop them through others or learn them through practice. Trust yourself!",,"Puede que ahora mismo no tengas todas las competencias, pero puedes desarrollarlas a través de otros o aprenderlas con la práctica. ¡Confía en ti mismo!"
str_388,Be open to your peers,,Sé abierto con tus compañeros
str_389,Be open to your peers and to others' ideas. You can learn as much from them as they can learn from you.,,Sé abierto a tus compañeros y a las ideas de los demás. Puedes aprender tanto de ellos como ellos de ti.
str_390,Find leaders who inspire you,,Encuentra líderes que te inspiren
str_391,"Identify other leaders — in your community or beyond — to inspire yourself. You can learn a great deal from others to improve your leadership skills, and even from what NOT to do.",,"Identifica a otros líderes — dentro de tu comunidad o más allá — para inspirarte. Puedes aprender mucho de los demás para mejorar tus habilidades de liderazgo, e incluso sobre lo que NO debes hacer."
str_392,Evaluate after you lead,,Evalúa después de liderar
str_393,"After leading a group or process, always evaluate your own performance. Reflecting on your leadership will help you understand your limitations, identify your strengths, and find ways to improve.",,"Después de liderar un grupo o un proceso, siempre evalúa tu propio rendimiento. Reflexionar sobre tu liderazgo te ayudará a comprender tus limitaciones, identificar tus fortalezas y encontrar formas de mejorar."
str_394,Find what motivates you,,Encuentra qué te motiva
str_395,Find what motivates you enough to become a youth leader. The,,Encuentra lo que te motiva lo suficiente para convertirte en líder juvenil. El
str_396,will help you find your purpose and reason to act.,,Te ayudará a encontrar tu propósito y la razón para actuar.
str_397,Ikigai model,,Modelo de Ikigai
str_398,Learn more ↗,,Más información ↗
str_399,Co-funded by the European Union,,Cofinanciado por la Unión Europea
str_400,The HUMAN project has been co-financed by the EU CERV-2023-EQUAL programme. Its contents are the sole responsibility of its authors. The European Commission cannot be held responsible for any use which may be made of the information contained therein.,The HUMAN project has been co-financed by the EU CERV-2023-EQUAL programme. Its contents are the sole responsibility of its authors. The European Commission cannot be held responsible for any use which may be made of the information contained therein.,El proyecto HUMAN ha sido cofinanciado por el programa europeo CERV-2023-EQUAL. Su contenido es responsabilidad exclusiva de sus autores. La Comisión Europea no puede ser considerada responsable de ningún uso que pueda hacerse de la información contenida en ella.
str_401,Project: 101144478 — HUMAN — CERV-2023-EQUAL,Project: 101144478 — HUMAN — CERV-2023-EQUAL,Proyecto: 101144478 — HUMANO — CERV-2023-EQUAL
str_402,Digital Hate Interrupter Activism to combat structural racism promoting inter-community cooperation through digital technologies.,,"Activismo de Interrupción de Odio Digital para combatir el racismo estructural, promoviendo la cooperación intercomunitaria mediante tecnologías digitales."
str_403,© 2026 All rights Reserved · Project: 101144478 — HUMAN — CERV-2023-EQUAL,© 2026 All rights Reserved · Project: 101144478 — HUMAN — CERV-2023-EQUAL,© 2026 Todos los derechos reservados · Proyecto: 101144478 — HUMANO — CERV-2023-EQUAL
str_404,About,,Acerca de
str_405,Learning Modules,,Módulos de Aprendizaje
str_406,Download Manual PDF,,Descargar PDF del manual
str_407,How to Build a Powerful Story,,Cómo construir una historia poderosa
str_408,The art of storytelling for changemakers,,El arte de contar historias para los agentes de cambio
str_409,A powerful story is not about you — it is about the change you want to see. It moves people from passive observers to active participants.,,Una historia poderosa no trata sobre ti — trata sobre el cambio que quieres ver. Convierte a la gente de observadores pasivos a participantes activos.
str_410,"✨ Your ""Why"" — The call to action",,"✨ Tu ""Por qué"" — El llamado a la acción"
str_411,"Start with the moment you realised something needed to change. Be specific and personal. ""I was 16 when I saw..."" is more powerful than broad statements about challenges young people face.",,"Empieza por el momento en que te diste cuenta de que algo tenía que cambiar. Sé específico y personal. ""Tenía 16 años cuando vi..."" es más poderosa que las afirmaciones generales sobre los desafíos que enfrentan los jóvenes."
str_412,🎭 The Challenge — Name the problem,,🎭 El reto — Nombra el problema
str_413,"Describe the problem clearly and honestly. Do not minimise it, but do not exaggerate either. Help your audience feel the weight of the issue without overwhelming them.",,"Describe el problema de forma clara y honesta. No lo minimices, pero tampoco exageres. Ayuda a tu audiencia a sentir el peso del problema sin abrumarlos."
str_414,🌟 The Transformation — Show change is possible,,🌟 La transformación — Mostrar que el cambio es posible
str_415,"Share evidence that your approach works — a small pilot, a similar project elsewhere, or your own early results. Hope must be grounded in reality.",,"Comparte pruebas de que tu enfoque funciona — un pequeño piloto, un proyecto similar en otro lugar o tus propios primeros resultados. La esperanza debe estar arraigada en la realidad."
str_416,📣 The Invitation — Ask for something specific,,📣 La invitación — Pide algo específico
str_417,"End with a clear, specific call to action. ""Join us"", ""Share this"", ""Fund this"", ""Volunteer on Saturday"". Vague asks get vague responses.",,"Termina con un llamamiento claro y específico a la acción. ""Únete a nosotros"", ""Comparte esto"", ""Financia esto"", ""Haz voluntariado el sábado"". Las preguntas vagas reciben respuestas vagas."
str_418,Download the full storytelling guide:,,Descarga la guía completa de narración:
str_419,Want to go deeper?,,¿Quieres profundizar más?
str_420,How to Build a Powerful Story ↗,,Cómo construir una historia ↗ poderosa
str_421,Youth Leader Resource Kit — HUMAN Project,,Kit de Recursos para Líderes Juveniles — Proyecto HUMANO
str_422,This Participation Agreement is entered into between the HUMAN project and the undersigned participant.,,Este Acuerdo de Participación se firma entre el proyecto HUMAN y el participante firmante.
str_423,About the HUMAN project,,Sobre el proyecto HUMAN
str_424,The HUMAN project is co-financed by the EU CERV programme (ref. 101144478 — HUMAN — CERV-2023-EQUAL). Its aim is to provide an innovative model for social inclusion through the active participation of young people in community services via structured Social Impact Projects. The kit covers: ME as a young leader · ME and Others · ME and the Community.,The HUMAN project is co-financed by the EU CERV programme (ref. 101144478 — HUMAN — CERV-2023-EQUAL). Its aim is to provide an innovative model for social inclusion through the active participation of young people in community services via structured Social Impact Projects. The kit covers: ME as a young leader · ME and Others · ME and the Community.,El proyecto HUMAN está cofinanciado por el programa de la UE CERV (ref. 101144478 — HUMAN — CERV-2023-EQUAL). Su objetivo es ofrecer un modelo innovador de inclusión social mediante la participación activa de los jóvenes en los servicios comunitarios mediante Proyectos estructurados de Impacto Social. El kit abarca: ME como líder joven · ME y otros · ME y la comunidad.
str_425,What the partnership commits to,,A qué se compromete la sociedad
str_426,Supporting the development of essential knowledge and skills to become changemakers,,Apoyar el desarrollo de conocimientos y habilidades esenciales para convertirse en agentes de cambio
str_427,Providing resources that meet the educational needs and goals of young people,,Proporcionar recursos que respondan a las necesidades y objetivos educativos de los jóvenes
str_428,Sharing practical tips for planning Social Impact Projects,,Compartiendo consejos prácticos para planificar Proyectos de Impacto Social
str_429,Offering self-reflection exercises and tools to assess strengths and areas for improvement,,Ofrecer ejercicios de autorreflexión y herramientas para evaluar fortalezas y áreas de mejora
str_430,Participant commitment,,Compromiso de los participantes
str_431,"The Participant is committed to the project and willing to use the Youth Leader Resource Kit as a guide for implementing their Social Impact Project. By signing, the Participant understands that achieving the objectives requires collaboration between themselves and the HUMAN project partnership.",,"El participante está comprometido con el proyecto y dispuesto a utilizar el Kit de Recursos para Líderes Jóvenes como guía para implementar su Proyecto de Impacto Social. Al firmar, el participante entiende que alcanzar los objetivos requiere colaboración entre él mismo y la colaboración del proyecto HUMAN."
str_432,Date and place: ___________________________,Date and place: ___________________________,Fecha y lugar: ___________________________
str_433,Signature of the young leader: ___________________________,Signature of the young leader: ___________________________,Firma del joven líder: ___________________________
